regime,alpha_true,alpha_est,ci_low,ci_high,r_squared
Stable Growth,0.45,0.4556286560172891,0.44320640526586624,0.4703089724861887,0.9878007111963519
Pre-Crisis,0.35,0.3556286560172891,0.3432064052658663,0.37030897248618866,0.9801713366848618
Crisis,0.2,0.20562865601728902,0.19320640526586635,0.22030897248618864,0.9433132749010361
Recovery,0.4,0.40562865601728904,0.3932064052658664,0.4203089724861887,0.9846705950785607
New Normal,0.42,0.4256286560172891,0.41320640526586633,0.44030897248618867,0.9860524072717519
