grid_N,final_beta,max_beta,jump_time
5,0.007583868501052556,0.007583868501052556,
7,0.00871404800343864,0.00871404800343864,
9,0.008163121833869793,0.008163121833869793,
