xi,slope,slope_ci_low,slope_ci_high,intercept,r_squared,alpha_true
0.1,1.1365131022713222,1.1273915110994353,1.144863081838821,0.002097400758941668,0.9922378209522928,1.129938338257328
0.2,1.2441066912246097,1.234955760006686,1.253548158162492,0.00430526185184938,0.9926523597777762,1.2384058440442351
0.30000000000000004,1.4243337175037056,1.415489299123132,1.4331626959397947,0.0030920905958492667,0.9945751883091498,1.41721705465209
0.4,1.6814315109840732,1.6726286978176048,1.6911785426496329,-0.0012013205416383423,0.996213487333242,1.6784872624683658
0.5,1.9903043782056205,1.9811833736738984,1.9995181503248656,-0.0009980415468681945,0.9976180806713998,2.0
0.6,2.3217355064095857,2.312444588804025,2.3304465582725804,-0.004584602590552418,0.9981130833052009,2.3215127375316342
0.7000000000000001,2.5846896110951945,2.575665629568234,2.5934625079003903,0.004528108917691872,0.998557682719214,2.58278294534791
0.8,2.759834486288175,2.750984909936997,2.7696765857695294,-0.0022455702300506596,0.9985128060107992,2.7615941559557653
0.9,2.8656134441909376,2.856448833435528,2.874878844867303,-0.004951272378901259,0.998640947933114,2.870061661742672
