Metric,Value
Recovery_ODR_Slope,3.589003586842249
Recovery_ODR_Error,0.6959852215000759
Return_Alpha_Mean,2.965851682569944
Return_Alpha_Std,0.23574556121188336
