Type,n,alpha,se,r,r2,p
Strike-slip,27,1.0343709677833863,0.025842759405913043,0.992287623116085,0.9846347269893695,3.415808650248642e-24
Reverse,19,0.9833833553695989,0.023430478700676535,0.9952092238441144,0.9904413992244046,1.3048169590613085e-18
Normal,5,0.8619249215505964,0.05546286461542065,0.9938463361366499,0.9877305398522428,0.0005789395654714182
