order_q,zeta_kolmogorov,zeta_observed,zeta_she_leveque,deviation
1,0.3333333333333333,0.37,0.36,0.04
2,0.6666666666666666,0.7,0.7,0.03
3,1.0,0.97,1.0,0.03
4,1.3333333333333333,1.2,1.28,0.08
5,1.6666666666666667,1.38,1.54,0.16
6,2.0,1.52,1.78,0.26
