Metric,Value
Heatwave_ODR_Alpha,0.4308230884526168
Heatwave_ODR_Error,0.0024754482383226683
IDF_Mean_Beta,-0.7486595771698116
Temp_Spectrum_Mean_Beta,0.9803510074644823
