band,alpha_true,alpha_estimated,peak_freq_hz,band_power,tau_efold_ms,r_squared
delta,2.8,,1.46484375,0.24747153368473326,132.0,0.0
theta,2.3,4.104776546137548e-32,5.615234375,0.19934701387239712,33.0,8.209553092275097e-33
alpha,2.0,4.104776546137548e-32,10.25390625,0.15281180295088106,19.0,8.209553092275097e-33
beta,1.7,0.08300749985576875,19.775390625,0.15073125750681088,9.0,0.5000000000000001
gamma,1.4,0.31699250014423114,54.6875,0.1614223740726608,4.0,0.5000000000000001
