Metric,Value
Total_Quakes,51.0
OLS_Alpha,1.0025471336315008
ODR_Alpha,1.007186630572319
ODR_Error,0.016215218039799674
