Type,N,ODR_Alpha,ODR_Err
Strike-slip,27,1.0404576738379059,0.025900117241367305
Reverse,19,0.986734386094096,0.02345868843168282
Normal,5,0.8650886050637994,0.05552301961066704
