Metric,Value
OLS_Alpha,0.9562867774498961
ODR_Alpha,0.9526002244481885
ODR_Alpha_Error,0.044042093234268664
Robust_k_Mean,0.2258605918635767
Robust_k_Std,0.13064246675378122
