Metric,Value
Total_Subjects,30873.0
Cohen_d,0.10813433139300045
AUC,0.5072765736192144
Max_Accuracy,0.43416577592070743
Optimal_Threshold,-1.260279214086859
Propofol_Mean,-3.2318045912490296
Ketamine_Mean,-1.7620135660359466
