Analysis,Alpha,R2,p_value,SE,n
Raw,1.0181373573027421,0.9223244014089675,2.294122092686471e-102,0.0219617801851994,183
Spin-corrected,1.0196659298809088,0.9213862740985651,6.802698263846447e-102,0.022138436288920184,183
