band,alpha_true,alpha_estimated,peak_freq_hz,r_squared
delta,2.8,3.099594199737623,2.0,0.9952748205377022
theta,2.3,2.3467339802232825,6.0,0.9909817929782554
alpha,2.0,1.9908971758916842,10.5,0.993833917245231
beta,1.7,1.7647594535517257,21.5,0.9940392813868247
gamma,1.4,1.3754610293948955,45.0,0.9828373960188916
