scenario,product_A,product_B,alpha_A,alpha_B,delta_alpha,S_bulk,S_1nm,S_10nm,L_crossover_nm
Xylene Isomerization (ZSM-5),para-xylene,ortho-xylene,2.4,2.0,0.3999999999999999,0.8333333333333334,5.257977870668275,2.0932386929246496,63.39381452606089
Diels-Alder (Endo vs Exo),endo adduct,exo adduct,2.5,2.1,0.3999999999999999,0.8,5.047658755841544,2.0095091452076637,57.24334022399462
Alkane Cracking,n-alkane cracking,iso-alkane cracking,2.3,1.9,0.3999999999999999,0.6666666666666666,4.20638229653462,1.6745909543397197,36.288736930121146
CO2 Hydrogenation,methanol,methane,2.6,2.2,0.3999999999999999,0.5,3.154786722400965,1.2559432157547898,17.67766952966368
