Class,N,Flawed_OLS_Alpha,Robust_ODR_Alpha,ODR_Alpha_Error,R_Squared
Mammalia,350,0.18497363785029236,0.1900560726823162,0.011090589198104135,0.44453874149399875
Aves,167,0.20753318354183148,0.21306293309981425,0.015914025817219894,0.5079244774835554
Reptilia,14,0.2307355962956416,0.24132517293910494,0.07704824833565052,0.42847652083142723
Amphibia,16,0.09093108743913948,0.09899175453531,0.09567713117088525,0.060665437617981086
