type,alpha_true,alpha_est,alpha_se,ci_low,ci_high,r_squared,eci,resilience
Mountain Stream,0.35,0.3451110868003021,0.007310054614242197,0.33064250707285275,0.3592002020494002,0.9824899951189805,0.3627777170007553,moderate
Forested Lowland,0.45,0.4446505423872387,0.007397141672806989,0.4300756050480479,0.45900754954000655,0.989094778202614,0.6116263559680968,high
Wetland Complex,0.55,0.5441899979741754,0.0074932643194896035,0.5295129273375161,0.5587672937536209,0.9924783431851033,0.8604749949354387,very high
Agricultural,0.3,0.29534135900683384,0.007270002219372802,0.28092646847848557,0.3092930813250895,0.9765265675748019,0.2383533975170846,moderate
Urban/Degraded,0.25,0.24557163121336542,0.007232329553374438,0.2312134047672169,0.25939133035885054,0.9667733266625723,0.11392907803341354,low
