state,mean_alpha,std_alpha,p_conscious,p_collapse
wake_alert,2.2962278029165,0.14953600011422585,1.0,0.95
wake_drowsy,1.9905662527772587,0.20365743135763398,0.83,0.85
nrem2,1.5968258059948635,0.291086877907329,0.241,0.5
nrem3,1.3930303545784553,0.35978046079480236,0.128,0.3
rem,1.993184814518654,0.29917705570360037,0.734,0.75
anesthesia_deep,1.202884541211652,0.36550151387926555,0.047,0.15
coma,1.0144845438364916,0.39834997567813424,0.035,0.05
