qubits,calibration_time_hours,log_L,log_T
4,453.4453298212977,1.3862943611198906,6.116874710626288
8,145.75209100693937,2.0794415416798357,4.9819071716590075
16,57.97891017272732,2.772588722239781,4.060079326709872
27,30.15975165361141,3.295836866004329,3.4065083088091495
53,8.425377251126804,3.970291913552122,2.131248252817756
72,5.321149797164518,4.276666119016055,1.671689407287979
100,4.267105688466569,4.605170185988092,1.450935772698411
127,2.6396430746966795,4.844187086458591,0.9706437090394886
