class,precision,recall,f1_score
Advective,0.8673469387755102,0.9239130434782609,0.8947368421052632
Hierarchical,0.8518518518518519,0.8,0.8251121076233184
Coherent,0.8210526315789474,0.8478260869565217,0.8342245989304813
Strongly Coherent,0.9444444444444444,0.9239130434782609,0.934065934065934
