circuit_width,makespan_us,log_W,log_T
4,8.666905019917909,1.3862943611198906,2.159511751273411
8,28.32313129000119,2.0794415416798357,3.3436788308630714
16,106.69123831478451,2.772588722239781,4.669939039798161
32,405.5069840196214,3.4657359027997265,6.005138096636795
64,1184.5102755023775,4.1588830833596715,7.077084698531561
100,2644.9385857907496,4.605170185988092,7.880403125040131
128,4944.772527842869,4.852030263919617,8.506086242562535
200,10180.457382951654,5.298317366548036,9.228225218658242
256,14029.007753934682,5.545177444479562,9.548882447426202
