width,p50,p95,ratio
4,8.317816811020435,13.63898641158493,1.6397315210782684
8,29.119448348411506,47.75711883875692,1.6400420182191437
16,100.01102608029407,162.9118356991482,1.6289387488970875
32,348.07832737624335,574.230011501778,1.6497149243109404
64,1205.955598146341,1875.4739053415672,1.5551765821431025
100,2671.4440986033333,4471.6514226957925,1.6738704826478052
128,4168.465596601566,6975.469697182143,1.6733902524874018
200,9433.461984866457,15650.86973783573,1.6590801725754014
256,14787.937775208164,24222.46055984228,1.6379877254048907
