Metric,Value
Total_Galaxies,171.0
Flat_Curves,52.0
OLS_Correlation_r,-0.5465637501382251
ODR_Slope,-1.169211090151469
ODR_Slope_Err,0.11890394696386537
Flat_Mean_Alpha,1.9931961080498282
Flat_Alpha_Std,0.1300411019807973
