parameter,correlation_r,p_value
mass,-0.10752424538046045,0.1296488323535106
structure,0.21787277205788527,0.0019405052887678214
alpha,0.21787277205788533,0.0019405052887678214
