regime,alpha_true,alpha_est,r_squared,error
Mature Tropical Cyclone,2.4,2.4140985243033337,0.9819112608417409,0.014098524303333804
Blocking High,2.6,2.607648667450762,0.9715850397811753,0.00764866745076187
Baroclinic Wave,1.8,1.8112381140137537,0.9779493975197311,0.01123811401375363
Mesoscale Convective System,1.5,1.510013941362669,0.9812331737077923,0.010013941362668977
Tropical Disturbance,1.2,1.213952826779567,0.9136258826603614,0.013952826779566996
Frontal Zone,1.6,1.6088548656001174,0.9756415471126727,0.008854865600117279
