band,alpha_target,alpha_measured,r_squared,error
delta,2.5,0.020322388960612735,0.29585174971988093,2.479677611039387
theta,2.2,-0.00551949293417637,0.08459275521805754,2.2055194929341764
alpha,2.0,2.080601145704773e-16,-2.0,1.9999999999999998
beta,1.8,-1.6721474933128302e-16,0.0,1.8000000000000003
gamma,1.5,6.787738574753272e-17,-15.0,1.5
