alpha_true,alpha_fit,error,r_squared
1.5,1.5124025714284552,0.012402571428455245,0.9997375369068958
1.8,1.8196306057344376,0.019630605734437534,0.9995652787908009
2.0,1.9996493061613942,0.00035069383860575343,0.9995850122752151
2.2,2.192572457974524,0.0074275420254763524,0.9999483710490139
2.5,2.4811125576729185,0.018887442327081505,0.999938151543178
