state,alpha,tau_at_50mm
awake_alert,2.15,22.477888554945725
awake_relaxed,2.05,15.200522383233206
light_sedation,1.85,6.951275677786955
deep_anesthesia,1.45,1.4537057579319494
rem_sleep,2.0,12.5
nrem_n2,1.7,3.865618683887396
nrem_n3,1.5,1.7677669529663689
