delta_alpha,P
0.25,0.002223773533053188
0.5,0.017790188264425542
1.0,0.1423215061154043
1.5,0.4803350831394896
2.0,1.1385720489232345
3.0,3.8426806651159193
