Metric,Value
Richardson_Mean,2.9128636387624387
Richardson_Std,0.3367511471146112
KE_ODR_Slope,-0.5254785429038707
KE_ODR_Err,0.038293257453186985
