L,T_mean,T_std,T_sem,T_median,T_theoretical,ratio_to_theory,n_trials,n_failed
5,26.12,21.391436787630603,1.5126030011856975,21.0,25.0,1.0448,200,0
10,111.35,86.91217481258461,6.145618817764923,91.0,100.0,1.1135,200,0
20,421.01,328.59603875186485,23.23524872724812,315.0,400.0,1.052525,200,0
40,1651.56,1295.2391705568218,91.58724007591678,1238.0,1600.0,1.032225,200,0
80,6468.82,5323.106061153719,376.4004392817007,5094.0,6400.0,1.010753125,200,0
160,24194.26,17670.857066927994,1249.518286140301,18735.0,25600.0,0.9450882812499999,200,0
320,99486.84,84932.87256217533,6005.661013436703,69475.0,102400.0,0.971551171875,200,0
