Metric,Value
Flawed_OLS_Alpha,0.3033942862035958
Robust_ODR_Alpha,0.31127216918260603
ODR_Alpha_StdErr,0.02057156871686714
Raw_Population_Alpha,0.28096589681725476
Raw_R_Squared,0.6772356477511707
