Metric,Value
Total_Real_Events,55.0
OLS_Alpha,1.0319730927299995
ODR_Alpha,1.037364861510523
ODR_Alpha_StdErr,0.01807586831542491
Spin_Corrected_ODR_Alpha,1.0237659847536722
