state,alpha_true,alpha_mean,alpha_std,alpha_sem
Wake,2.0,2.0095296942151557,0.09356491945323657,0.02092175202067294
REM,1.8,1.7839610029545212,0.1053441291361086,0.0235556633778855
NREM_N2,1.5,1.4737354278934598,0.10603894357139527,0.023711028608790416
NREM_N3,1.3,1.2924621048583673,0.12625471234223756,0.028231411927692487
Anesthesia,1.2,1.212718170762839,0.09298919573379416,0.020793016283379716
