n_scales,mae,std_error,mean_r2
3,0.07551702420244946,0.09663410432335828,0.9974082103431776
4,0.07610773093723493,0.0960892177403826,0.9958403842914622
5,0.05847346410076721,0.073711842702654,0.9943581092223712
7,0.05867747505979816,0.07233881947456311,0.9925917955927299
10,0.04670213359588148,0.05904110560123099,0.9913408625509104
15,0.04977642724078381,0.05950045072032172,0.9898761827134365
20,0.03667730639191801,0.048320901228021136,0.9904347466972457
30,0.032364629481323834,0.03861705127928066,0.9899128922258723
