ecosystem,alpha_true,alpha_est,r_squared,error
Boreal Forest,0.35,0.34292380400354733,0.9752918366084005,0.00707619599645265
Mediterranean Shrubland,0.28,0.2735569865817462,0.9628915621493402,0.006443013418253818
Temperate Grassland,0.22,0.2140997145059165,0.9422036016125492,0.0059002854940835014
Tropical Savanna,0.3,0.2933760772736892,0.9672962150281521,0.006623922726310794
Temperate Forest,0.32,0.3131951679656325,0.9709295474061926,0.006804832034367492
