layer,alpha_true,alpha_est,ci_lower,ci_upper,intercept,R2,null_confirmed
0,2.3,2.302615710771108,2.2902495706987396,2.315390781291814,-0.0053923194580596245,0.9957505439404266,True
1,2.3,2.307074255724835,2.293012197376907,2.3206331751841573,0.3835529753987026,0.9952446607137784,True
2,2.3,2.3003851031182188,2.2873876452167976,2.3136086316933695,-0.0979166619804186,0.9951814094290091,True
3,2.3,2.298902800194976,2.2853396208314005,2.312758517192977,0.4968316824792671,0.995347294771028,True
