from_layer,to_layer,te_forward,te_reverse,gc_forward_F,gc_forward_p,gc_reverse_F,gc_reverse_p,symmetric,null_confirmed
0,1,0.1037309107429798,0.09449283548181153,1.0766802656804904,0.37126407042842924,1.0644920945081382,0.37816123840754234,True,True
1,2,0.10802108601868854,0.10470695777880357,0.5876857978925931,0.7094709057220764,1.9937209991905038,0.07663081323122467,True,True
2,3,0.10262028829288683,0.10547834400803646,0.4190876412972621,0.8357205448126119,0.8286805276842852,0.5291282362374892,True,True
