layer,A_hyst,A_est,ci_lower,ci_upper,excludes_zero,overall_pass,n_significant
0,0.12582222608656846,0.12582480646794833,0.12336093518405582,0.12820002570429667,True,True,4
1,0.1261159182354621,0.12613443389103984,0.12369172597435016,0.1285349352131166,True,True,4
2,0.12712474920140582,0.12715343894039302,0.12481254546959443,0.1298096931637845,True,True,4
3,0.12668815656164156,0.12669691594197083,0.12421211715944373,0.12932519524249608,True,True,4
