L,alpha_true,kcat_apparent,Km_apparent
10,2.2,15531.439339628729,49.33115381717016
20,2.2,3420.931753065531,49.21805837252785
50,2.2,457.15141594264367,50.244721504941985
100,2.2,97.97221725228394,47.61003118682994
200,2.2,21.86915668956179,50.94293458075347
