delta_alpha,power,rf_suppression_pct,photon_delay_ps
0.3,0.0081,0.8999999999999999,0.09
0.5,0.0625,1.5,0.25
0.7,0.24009999999999995,2.0999999999999996,0.48999999999999994
1.0,1.0,3.0,1.0
1.3,2.8561000000000005,3.9,1.6900000000000002
1.5,5.0625,4.5,2.25
1.8,10.4976,5.4,3.24
2.0,16.0,6.0,4.0
