model,parameter,value,std_err,ci_lower_95,ci_upper_95,R_squared,expected_value,status
power_law,alpha,2.0427560718355195,0.014566667028982858,2.0132984684316937,2.0773168386241005,0.999796643044412,2.1,CONFIRMED
logarithmic,b (slope),3761.0049468987518,867.6873285002553,,,0.8244692678614365,,N/A
