scenario,alpha_A,alpha_B,delta_alpha,k_A_0,k_B_0,S_bulk,S_20nm,L_crossover
CYP450 Drug Metabolism,2.4,1.9,0.5,80,120,0.6666666666666666,1.4907119849998598,44.44444444444444
Lipase Enantioselectivity,2.3,2.1,0.19999999999999973,50,45,1.1111111111111112,1.5330329571791272,169.35087808430302
Allosteric Regulation,2.2,2.5,-0.2999999999999998,100,60,1.6666666666666667,1.0283897712000163,18.218145570517763
