code_distance,cycles_to_failure,log_d,log_T
3,295.98148980570295,1.0986122886681098,5.690296917928508
5,983.5451682869444,1.6094379124341003,6.891163562841595
7,2506.53974940404,1.9459101490553132,7.826658495107252
9,5218.605627403507,2.1972245773362196,8.559985524006398
11,6979.972632657418,2.3978952727983707,8.850800274926012
13,10598.178828601074,2.5649493574615367,9.268437456716827
15,18841.017206274097,2.70805020110221,9.843791538513297
17,23371.81353568957,2.833213344056216,10.059286025535775
21,34170.899393022584,3.044522437723423,10.43912966589325
