from_layer,to_layer,delta_alpha,delta_ci_lower,delta_ci_upper,passes,test,epsilon_tol,overall_pass
0,1,0.30445854495372693,0.2678558547621094,0.3410612351453445,True,S1_monotone,0.05,True
1,2,0.2933108473933843,0.25598765904647863,0.33063403574029,True,S1_monotone,0.05,True
2,3,0.2985176970767567,0.26133788664803675,0.3356975075054766,True,S1_monotone,0.05,True
