bin,r_min,r_max,r_mean,n_points,slope_fit,slope_se,alpha_fit,alpha_se,alpha_true,alpha_error,r2_fit,r2_collapse,collapse_passes
1,1.0,5.606060606060606,3.303030303030303,20,-0.13554692019757725,0.004527239815281901,2.2710938403951544,0.009054479630563802,2.250454545454546,0.020639294940608455,0.8517123050195609,0.00026049063934094666,True
2,5.848484848484849,10.454545454545455,8.151515151515152,20,-0.1207077643025325,0.01927236283446307,2.241415528605065,0.03854472566892614,2.1777272727272723,0.0636882558777927,0.32619957422958157,0.004466094152738629,True
3,10.696969696969697,15.303030303030303,13.0,20,-0.018208275168762188,0.021738355663901497,2.0364165503375244,0.043476711327802994,2.1049999999999995,-0.0685834496624751,-0.05857438816793925,0.0010654198023618772,True
4,15.545454545454547,20.151515151515152,17.84848484848485,20,0.14450505822405335,0.039602183623061865,1.7109898835518933,0.07920436724612373,2.0322727272727272,-0.32128284372083393,0.08820717410880374,0.0004716010382590388,True
5,20.393939393939394,24.757575757575758,22.575757575757574,19,0.12626472969334115,0.03624833974062435,1.7474705406133177,0.0724966794812487,1.9613636363636364,-0.21389309575031867,-0.07774201117671087,0.005211506048451485,True
