state,mass_GeV,Db1,Db2,Db3
RTM scalar φ,320000000000.0,0.1,0.16666666666666666,0.0
Heavy fermion F1,1000000000000.0,0.4,0.0,0.3333333333333333
Heavy fermion F2,5000000000000.0,0.2,0.5,0.0
Heavy scalar S,10000000000000.0,0.1,0.16666666666666666,0.0
RTM vector V,50000000000000.0,0.0,1.3333333333333333,2.0
