{
  "simulation": "RTM Simulation G: Holographic Decay Network",
  "model": "3D cubic lattice with P(r) \u221d r\u207b\u00b3 long-range links",
  "theory": "\u03b1 \u2192 3.0 (holographic regime)",
  "config": {
    "lattice_sizes": [
      6,
      8,
      10,
      12,
      14,
      16,
      18,
      20
    ],
    "n_long_range": 2,
    "n_realizations": 5,
    "n_walks_per_realization": 35,
    "max_steps": 1500000,
    "seed": 42,
    "n_bootstrap": 10000,
    "confidence_level": 0.95,
    "n_workers": 4
  },
  "results": {
    "alpha": 2.9498693155908073,
    "alpha_se": 0.0683266815811059,
    "R2": 0.9967912891013184,
    "bootstrap_ci": [
      2.815111791749521,
      3.0805519522672893
    ]
  },
  "runtime_seconds": 16.0,
  "status": "95% CI INCLUDES theoretical value \u03b1 = 3.0"
}