n_scales,mae,std
3,0.04314308705955879,0.052853945972616515
4,0.038843228418300006,0.04655490861365415
5,0.03771746558436403,0.045841999670431774
7,0.029004711951420438,0.03723235455580799
10,0.02777181959165891,0.03484518684434115
15,0.02647141188338038,0.03368303865472845
