Process,Robust_ODR_Alpha,ODR_Alpha_Error
Protein Folding (Global),7.217659203782715,0.6169037748880416
Enzyme Kinetics (Local),0.25639890907067053,0.6904710901840307
